trialJobId,default,-latency,-dram,search_k,recall,n_trees
tF9TF,-0.08471466764026218,-3.1733681758244834,-1798.4954427083333,-1,0.41055,10
oic4m,-0.12783484764205086,-0.36070022980372113,-1796.37890625,50,0.2553999999999999,10
bl18A,-0.10430857448895774,-0.4033504128456116,-1794.3408203125,100,0.31444999999999995,10
Zfy2c,-0.0819137351820204,-0.5326379140218099,-1807.6611328125,200,0.37693333333333334,10
mDdXo,-0.06448101525094775,-0.650737981001536,-1806.3564453125,300,0.4220333333333333,10
dTNrD,-0.052356439010832055,-0.8815455635388693,-1800.6533203125,400,0.4541583333333334,10
tV5Nx,-0.04276771147410072,-1.146763563156128,-1799.5983072916667,500,0.48210000000000003,10
LxUIT,-0.0318839862781101,-1.030814250310262,-1805.2552083333333,600,0.5091916666666666,10
a5iRh,-0.023230501165390022,-1.185256540775299,-1811.4332682291667,700,0.5352333333333333,10
I6Ls8,-0.015258367694218967,-1.28390771150589,-1809.728515625,800,0.55605,10
t4qap,-0.008390055940416115,-1.4129172960917156,-1812.1998697916667,900,0.5762,10
AjoBS,-0.0008751308303409158,-1.5214005907376607,-1796.3115234375,1000,0.5915500000000001,10
yeUZ5,0.018235744356579254,-2.198915263017019,-1798.9244791666667,1500,0.6512833333333333,10
dmDly,0.02911667044215734,-2.705659727255503,-1821.5533854166667,2000,0.6942166666666668,10
tZXgs,0.039319918563630867,-3.3082375725110373,-1801.7552083333333,2500,0.7232916666666668,10
Qwq9w,0.0447451701842414,-3.8128873904546103,-1804.4814453125,3000,0.74615,10
iIMda,0.05037843441433379,-4.330642064412435,-1793.82421875,3500,0.7653333333333333,10
Tnk0B,0.04991474681960214,-5.0810085733731585,-1810.587890625,4000,0.7819583333333334,10
OnW9r,0.05307233935991925,-5.463905870914459,-1802.8395182291667,4500,0.7939166666666666,10
vwE27,0.04881623927116393,-6.465478599071503,-1815.1009114583333,5000,0.8039416666666667,10
IJGHj,0.05353351675775315,-6.484401365121205,-1808.7659505208333,5500,0.8137666666666666,10
Oayfa,0.052427976570129396,-6.9983437061309814,-1819.94140625,6000,0.8232333333333334,10
NWJ1D,0.05474459415435793,-7.604032754898071,-1793.0569661458333,6500,0.8305666666666668,10
jlEvb,0.053400194561216564,-8.031775335470835,-1803.7845052083333,7000,0.8377666666666665,10
FIbZw,0.05297417824321326,-8.69649980465571,-1793.6526692708333,7500,0.8444666666666668,10
KSvix,0.047247669561174155,-9.858851869901022,-1790.490234375,8000,0.8485333333333333,10
Kevzy,0.04245175672213236,-10.29997843503952,-1820.9075520833333,8500,0.8537666666666666,10
O0lE1,0.04626873858981662,-10.443601290384928,-1802.9990234375,9000,0.8598666666666666,10
ftyHe,0.041099883350796194,-11.540867884953817,-1798.4892578125,9500,0.8637666666666668,10
zhi7k,0.03526519245147707,-12.551856279373169,-1798.7701822916667,10000,0.8660999999999999,10
QXmu4,-0.10116226500405207,-14.074490010738373,-1897.7421875,-1,0.5121666666666667,20
nIMlS,-0.13136207578765022,-0.4887878696123759,-1887.9251302083333,50,0.2826166666666666,20
mgCMG,-0.10921004702885945,-0.590699315071106,-1908.8541666666667,100,0.3468166666666666,20
QTkws,-0.08266824924257064,-0.6579223076502482,-1902.9222005208333,200,0.412275,20
qT8zp,-0.06629234742270576,-0.9240713516871134,-1906.5055338541667,300,0.4586333333333333,20
FKFQ0,-0.05180595110469394,-1.0164092977841694,-1894.70703125,400,0.49267500000000003,20
uEXnC,-0.04183236062579684,-1.0520524581273396,-1901.5647786458333,500,0.5202416666666666,20
qeV4v,-0.030211192186143654,-1.1669661204020183,-1891.564453125,600,0.5474249999999999,20
has2r,-0.024240089322196085,-1.350869874159495,-1922.1555989583333,700,0.5746916666666667,20
GbExf,-0.012674678132798942,-1.5116073290507,-1891.6578776041667,800,0.5962,20
DN3F4,-0.008283704178068377,-1.742605706055959,-1909.3199869791667,900,0.61645,20
TEJgv,-0.0043904358524746055,-1.8360462586085002,-1913.1754557291667,1000,0.6288250000000001,20
UaJkn,0.015001792183982003,-2.5894204576810202,-1898.767578125,1500,0.6844916666666667,20
x5Lty,0.02827360931714376,-2.8955885767936707,-1907.55078125,2000,0.7252000000000001,20
AbcMS,0.03207098665343391,-3.7690935333569846,-1923.4925130208333,2500,0.7538499999999999,20
mU9ng,0.03674950489150155,-4.38425459464391,-1925.8479817708333,3000,0.7761999999999999,20
zVU9b,0.0412523482078976,-5.101780672868093,-1913.6962890625,3500,0.7951999999999999,20
fbh3V,0.046816524807612094,-5.3622172474861145,-1903.2138671875,4000,0.8097500000000001,20
TJjkX,0.04600001210742528,-6.031028548876445,-1910.73828125,4500,0.8211833333333334,20
d2Rzv,0.045056871265835234,-6.596777995427449,-1915.537109375,5000,0.8297499999999999,20
cNCIb,0.04384954701847501,-7.21645059188207,-1919.4830729166667,5500,0.8385500000000001,20
v5SjO,0.033993490415149284,-9.124467114607492,-1924.53515625,6000,0.84725,20
MAUwb,0.03889696264478898,-9.125456015268961,-1910.7802734375,6500,0.8550749999999999,20
gLWC5,0.027895450294282715,-11.284415503342947,-1907.1149088541667,7000,0.8622749999999999,20
IQoYh,0.03768183852725559,-9.924720207850138,-1922.9430338541667,7500,0.8692750000000001,20
SUdNF,0.0335465479575263,-10.715802748998007,-1924.7415364583333,8000,0.8726083333333333,20
IYVzN,0.03261260313987731,-11.27845948934555,-1920.3580729166667,8500,0.8782083333333331,20
qqbg9,0.029024250898361175,-11.842817962169647,-1928.806640625,9000,0.8814416666666666,20
gCjW5,0.027212874350017967,-12.488783737023672,-1918.0973307291667,9500,0.8841416666666667,20
i47LX,0.02518363534821405,-13.046756486097971,-1914.7744140625,10000,0.8872416666666666,20
Gfo2f,-0.078270787352456,-9.143863300482431,-1991.2408854166667,-1,0.5633833333333333,30
Fm3GD,-0.1501552824783325,-2.0531108379364014,-1981.9254557291667,50,0.298175,30
mFoEM,-0.11647626161151464,-0.6655172904332479,-1990.3772786458333,100,0.362025,30
OFXNJ,-0.09154148931291368,-0.8013376394907633,-1999.2669270833333,200,0.429575,30
OGpxj,-0.07501184461911521,-0.98275226354599,-2002.572265625,300,0.47504166666666675,30
MrgWj,-0.05942416586134167,-1.0918930371602376,-1982.7516276041667,400,0.5093666666666666,30
cwXvk,-0.05307086669180127,-1.2903731067975361,-2009.4261067708333,500,0.5369416666666665,30
Tq4iN,-0.043191009289423654,-1.5931760668754578,-2006.8541666666667,600,0.5649833333333333,30
NZn3q,-0.029558589196734975,-1.629619022210439,-1986.931640625,700,0.5922833333333332,30
pEFo3,-0.024849726797739707,-1.8648196458816528,-2005.8483072916667,800,0.613225,30
bboLX,-0.01565941863483852,-1.7557225028673809,-2001.3483072916667,900,0.6324333333333333,30
XIZtO,-0.009321765977011785,-1.7487674752871196,-1995.4404296875,1000,0.6459083333333334,30
jAL0I,0.004329452197816629,-2.318510194619497,-2020.3935546875,1500,0.6961833333333333,30
FQ6xD,0.016742111298243222,-2.828176438808441,-2019.6585286458333,2000,0.7346166666666668,30
YD725,0.02395417981359693,-3.359943966070811,-2023.0299479166667,2500,0.7620750000000002,30
GDr4U,0.02825686203638712,-3.95795476436615,-2028.0618489583333,3000,0.7840416666666666,30
dOW1w,0.03304139087147184,-4.498513003190358,-2020.017578125,3500,0.8017416666666666,30
gZJmG,0.03708360312885708,-4.980864544709523,-2016.0576171875,4000,0.8178083333333334,30
kZHnv,0.037551672212812616,-5.449818412462871,-2025.5166015625,4500,0.8296333333333332,30
WXmW9,0.03678897729555764,-6.0348100066185,-2028.8108723958333,5000,0.8381,30
ulHvO,0.03858016724904378,-6.501841306686401,-2012.7421875,5500,0.8450916666666667,30
kZejK,0.03542978883319433,-6.9856152931849165,-2037.1748046875,6000,0.8527916666666666,30
YTt4C,0.03674454776128134,-7.502220988273621,-2029.5849609375,6500,0.8622833333333332,30
BYUfE,0.03505293634838528,-8.110150535901388,-2028.6057942708333,7000,0.8675166666666666,30
WPirg,0.032977632113562694,-8.49883528550466,-2038.0625,7500,0.8719833333333332,30
PQ7yK,0.03526695068783229,-8.875115950902304,-2022.015625,8000,0.8786833333333334,30
q5mRz,0.034029644607967806,-9.214907129605612,-2027.611328125,8500,0.8829500000000001,30
NVNTj,0.03255726085344949,-9.812757551670074,-2023.9313151041667,9000,0.8879750000000001,30
pA1gs,0.02914475776990255,-10.19869726896286,-2043.3759765625,9500,0.8919333333333332,30
HpDxb,0.028476362405353107,-10.725041488806406,-2032.7786458333333,10000,0.8955333333333334,30
LfYjB,-0.09410743704371982,-13.943895041942596,-2097.6588541666665,-1,0.5995416666666666,40
XhOO6,-0.15818108853975935,-1.580862820148468,-2095.1653645833335,50,0.3103833333333333,40
azlHX,-0.12419738992902968,-0.6250682671864828,-2094.5774739583335,100,0.3794916666666666,40
CJfsX,-0.09862395122104223,-0.7426956494649252,-2095.0481770833335,200,0.4459083333333333,40
vGTBj,-0.08035895728111268,-0.9484706521034241,-2090.4482421875,300,0.49335833333333334,40
jCjhh,-0.06872130648401051,-1.055425266424815,-2090.5992838541665,400,0.5244416666666666,40
Tgzio,-0.05834476988686458,-1.1574716170628865,-2086.796875,500,0.550525,40
XNw3C,-0.051453225013944844,-1.3483779629071553,-2111.2994791666665,600,0.5779583333333334,40
bUBSh,-0.03970270147747466,-1.4640350739161174,-2098.1142578125,700,0.6038500000000001,40
AY8pA,-0.03237552119043138,-1.5960217515627544,-2098.99609375,800,0.6231749999999999,40
ipW5Y,-0.026442961602740817,-1.7086414297421773,-2111.583984375,900,0.6432916666666665,40
t58YW,-0.020488535323672823,-1.8125271399815877,-2103.6233723958335,1000,0.6570166666666667,40
V3Q6W,-0.004362886409759528,-2.441499352455139,-2117.6783854166665,1500,0.7106750000000001,40
KhWpz,0.004351121524175022,-2.9830538630485535,-2126.1458333333335,2000,0.7429666666666668,40
JVATq,0.013631672519048054,-3.512349784374237,-2112.2294921875,2500,0.7691083333333332,40
vQakD,0.01796962343851727,-4.0413641929626465,-2113.4651692708335,3000,0.7886249999999998,40
NCVxw,0.02085172675874497,-4.520289142926534,-2123.3356119791665,3500,0.8063583333333333,40
ZKLCu,0.02249359891043769,-5.088959415753682,-2126.8636067708335,4000,0.8204833333333332,40
fCcHI,0.024857255673938317,-5.530732373396556,-2127.4879557291665,4500,0.8335500000000001,40
knLPB,0.02443742482821146,-6.042915999889374,-2135.0133463541665,5000,0.84315,40
oQUrD,0.021042058998743684,-6.732001483440399,-2151.3248697916665,5500,0.8511833333333332,40
IXzr5,0.025219637432098402,-7.087482333183289,-2125.0042317708335,6000,0.8588499999999999,40
RvW2E,0.0217732725344764,-7.556232233842214,-2152.2138671875,6500,0.86665,40
PVWnq,0.022561919243070817,-8.089349488417307,-2137.7386067708335,7000,0.87265,40
aKpXe,0.022481629790200127,-8.482008079687754,-2131.9986979166665,7500,0.8765833333333334,40
RFi2c,0.020718917189704054,-8.942614157994589,-2134.658203125,8000,0.8809166666666667,40
DWEOu,0.017213955326080322,-9.402682900428772,-2154.2626953125,8500,0.8858416666666665,40
MQZ7n,0.010653456784354294,-11.20277335246404,-2130.4352213541665,9000,0.8916416666666667,40
qXWxk,0.015410897232691444,-10.811753690242767,-2126.4645182291665,9500,0.895775,40
PK80j,0.014826733802159648,-10.94958621263504,-2137.4905598958335,10000,0.9001416666666665,40
Z3Clf,-0.08948116146087648,-10.950129727522532,-2188.0286458333335,-1,0.6236833333333333,50
NlC6o,-0.17703386192215811,-2.703391452630361,-2180.1656901041665,50,0.31668333333333326,50
KRIyX,-0.13854638885921905,-0.681116501490275,-2195.2981770833335,100,0.38425000000000004,50
WkcS6,-0.11040989846971305,-0.834838072458903,-2182.5813802083335,200,0.4531166666666666,50
bZkVJ,-0.09227899623870849,-0.9920351505279541,-2182.2955729166665,300,0.5010166666666668,50
fEOfd,-0.08308129772504175,-1.1755509972572327,-2201.9931640625,400,0.5335166666666666,50
DdWod,-0.07011940897199843,-1.248975356419881,-2178.6901041666665,500,0.558975,50
diSCJ,-0.0619739723110199,-1.3985357880592346,-2198.0999348958335,600,0.5866916666666667,50
ARc3o,-0.05257209510909188,-1.548624614874522,-2200.9977213541665,700,0.6120666666666666,50
lUiIa,-0.044546558976703225,-1.6918055017789204,-2193.2451171875,800,0.6308666666666668,50
aNNVc,-0.038224999600516424,-1.8209397594134014,-2201.6142578125,900,0.6500333333333335,50
ZSGzW,-0.03217376899719237,-1.952725887298584,-2195.7125651041665,1000,0.6647916666666667,50
JStTY,-0.01585997293048434,-2.5551499923070273,-2206.4440104166665,1500,0.7168666666666668,50
Fs32Z,-0.008520263424979328,-3.135338524977366,-2218.6263020833335,2000,0.7469666666666667,50
cn1AC,-0.008064668360816105,-4.493523160616557,-2231.8509114583335,2500,0.7735499999999998,50
v3Lgp,-0.0018001147884792689,-4.8734761873881025,-2234.1282552083335,3000,0.7948666666666667,50
k0zrK,0.0007386770979563514,-5.577750742435455,-2228.0813802083335,3500,0.8104,50
XUSDg,0.0022183191786871886,-5.942946871121724,-2238.8177083333335,4000,0.8230583333333333,50
e6iYv,0.00031751303778753775,-6.581686337788899,-2257.2177734375,4500,0.8342250000000001,50
wZO50,0.001526031464470776,-7.449759403864543,-2234.3388671875,5000,0.84395,50
GuxYO,0.001730342991087164,-8.006110767523447,-2230.3020833333335,5500,0.8516499999999999,50
n44Lc,0.0005439947064717529,-8.537092566490173,-2242.35546875,6000,0.8611499999999999,50
p6Pji,0.002685317341486621,-8.568141043186188,-2246.7789713541665,6500,0.8680833333333333,50
XIgJn,-0.003508050923877281,-10.007922192414602,-2240.5927734375,7000,0.8740833333333334,50
jwdZn,-0.004874958522584715,-10.134378055731455,-2258.2340494791665,7500,0.8783833333333333,50
qcqk1,-0.00011584995587667762,-10.263735830783844,-2234.3473307291665,8000,0.8844166666666666,50
IrPMb,0.0014541204420725484,-10.073103964328766,-2250.2916666666665,8500,0.8901166666666667,50
kT6nU,-0.007774929329554259,-11.462175190448761,-2265.2379557291665,9000,0.8948833333333334,50
lfd46,-0.035632609658771096,-16.38757409652074,-2236.8675130208335,9500,0.8979166666666666,50
ajqNZ,-0.00940422539710998,-12.452213704586029,-2246.4488932291665,10000,0.9009166666666665,50
NpXx1,-0.11221448584132725,-14.502547125021616,-2287.2789713541665,-1,0.6492083333333335,60
ghI6L,-0.17799523531383943,-1.28401784102122,-2272.9479166666665,50,0.32478333333333326,60
kppBE,-0.15169816682391696,-0.9039854605992635,-2295.0426432291665,100,0.39186666666666664,60
WE1Lv,-0.12209841146892973,-0.9180918137232462,-2281.5774739583335,200,0.4615583333333333,60
ILuiw,-0.10472690521770056,-1.035926361878713,-2286.9117838541665,300,0.5090166666666666,60
pC9u2,-0.0911552131398519,-1.1774754524230957,-2276.0442708333335,400,0.5418166666666667,60
iTMKN,-0.08144649560504491,-1.3477725585301716,-2275.9205729166665,500,0.5682833333333334,60
PHkOZ,-0.0759279285780589,-1.7663211226463318,-2293.8935546875,600,0.5936166666666667,60
cxRaE,-0.06527891402138604,-1.7304305632909138,-2297.0618489583335,700,0.6187666666666666,60
nqtCf,-0.06086310525576277,-1.912849485874176,-2317.603515625,800,0.6382333333333334,60
GqzDy,-0.052562075080871566,-1.9706389904022217,-2320.5302734375,900,0.659525,60
zzlpg,-0.04496633768929375,-2.139398773511251,-2296.873046875,1000,0.672825,60
kQjfj,-0.02951265580919053,-2.648840586344401,-2315.7076822916665,1500,0.7234166666666666,60
y1bWg,-0.024132555816438455,-4.239639262358348,-2309.8854166666665,2000,0.7594083333333334,60
o6xf3,-0.01546273670302495,-4.208881239096324,-2327.6663411458335,2500,0.7841916666666666,60
mLW9i,-0.011657117751439391,-4.9139809012413025,-2329.1477864583335,3000,0.8044083333333333,60
zqNpc,-0.009516291890674156,-5.500750561555226,-2330.0725911458335,3500,0.8188,60
Is9sH,-0.010273592347039137,-6.084871371587117,-2346.7115885416665,4000,0.8313000000000001,60
gg4u2,-0.0023281730026669134,-5.849756101767222,-2333.8570963541665,4500,0.8423583333333334,60
vbhmK,-0.001993539704216868,-6.289460261662801,-2334.5309244791665,5000,0.8504166666666667,60
J5vum,-0.0057358406162261845,-6.723288476467133,-2361.6334635416665,5500,0.8565166666666665,60
A0Wq2,-0.003674204512702108,-7.345430771509807,-2340.4446614583335,6000,0.8646416666666665,60
bgHHm,-0.0044463516924116335,-7.70988251765569,-2344.5771484375,6500,0.8697083333333334,60
VBKRW,-0.008527258470323366,-8.390085856119791,-2369.1292317708335,7000,0.8782083333333334,60
Jpdi0,-0.005093472558127504,-8.561944345633188,-2353.27734375,7500,0.8842416666666665,60
TrXZg,-0.018409727219475643,-10.565506537755331,-2371.2998046875,8000,0.8896083333333332,60
z2t4B,-0.016968623671001857,-11.036758760611216,-2349.6276041666665,8500,0.8939416666666666,60
Jah4z,-0.020174205735524493,-11.844347596168518,-2344.3225911458335,9000,0.8974083333333334,60
vQPeC,-0.017596290795008324,-11.682599365711212,-2349.7903645833335,9500,0.9023749999999998,60
BBXqT,-0.018579820522732198,-11.661890665690104,-2369.3411458333335,10000,0.9057749999999999,60
Dquog,-0.09040806685023843,-6.291771550973256,-2411.3473307291665,-1,0.6713333333333332,70
y2Kxh,-0.19831063077608743,-2.9814327359199524,-2323.630859375,50,0.33089166666666675,70
kHNkG,-0.16080050706121657,-0.7960902651151022,-2362.80859375,100,0.39995,70
mElpG,-0.1340626133844588,-0.945384164651235,-2359.5533854166665,200,0.46832499999999994,70
VyLCc,-0.11358305191887752,-1.1077974637349446,-2344.3837890625,300,0.5174333333333334,70
NiO8H,-0.10478109843466016,-1.2718043526013691,-2361.2389322916665,400,0.5480833333333331,70
hs20P,-0.09509355503294203,-1.3885993560155232,-2363.552734375,500,0.5745666666666666,70
pdPb3,-0.08467316557354398,-1.5607953468958538,-2367.6363932291665,600,0.6021166666666667,70
L6X1G,-0.07455232354482015,-1.6758267879486084,-2370.5891927083335,700,0.6282166666666665,70
TQIGm,-0.06770965336375763,-1.7838127811749775,-2371.8512369791665,800,0.6455916666666667,70
iq32J,-0.06151714022742375,-1.9412392775217693,-2391.6552734375,900,0.6675749999999999,70
KI9fp,-0.05843242546187508,-2.229089359442393,-2394.8063151041665,1000,0.6803750000000001,70
JisDd,-0.04310161138110691,-2.681691368420919,-2414.5804036458335,1500,0.7288749999999999,70
FljM5,-0.03498355388217501,-4.027870972951253,-2406.6474609375,2000,0.7661916666666665,70
UyAPN,-0.026619338032404575,-4.0593385100364685,-2420.7835286458335,2500,0.7893833333333334,70
ozL3b,-0.025777629148695202,-4.704538186391194,-2438.1487630208335,3000,0.8059416666666666,70
VdvX9,-0.025022310560014523,-5.590861598650615,-2443.068359375,3500,0.8223999999999999,70
ur0VU,-0.023080027190314396,-6.419821659723918,-2431.9381510416665,4000,0.8363,70
At712,-0.023870946266386226,-6.993487139542897,-2439.5338541666665,4500,0.8452999999999999,70
MCU6R,-0.02460853204833137,-7.6810564796129865,-2438.2200520833335,5000,0.8533583333333333,70
mwKf2,-0.029929790064493814,-8.709208011627197,-2452.3707682291665,5500,0.8609249999999999,70
uevWE,-0.02880502057181465,-9.276520053545633,-2440.9352213541665,6000,0.8688166666666666,70
TsKQs,-0.023121811885833763,-8.686217904090881,-2451.2275390625,6500,0.8757833333333335,70
DF1wB,-0.01979968639585707,-8.3351282676061,-2455.7858072916665,7000,0.8794000000000001,70
Jhxye,-0.02687062429428101,-9.628086686134338,-2461.517578125,7500,0.8844,70
QFg0P,-0.027204773866865362,-10.274790008862814,-2452.4622395833335,8000,0.8910666666666667,70
mfwFS,-0.028816174303690604,-10.790278196334839,-2456.4143880208335,8500,0.8963666666666666,70
wiLk2,-0.03474473836580911,-11.788543045520782,-2464.8863932291665,9000,0.9007666666666667,70
kUxmS,-0.031096005112330124,-11.33382374048233,-2475.6998697916665,9500,0.9052333333333333,70
R3PFj,-0.03273244348102144,-12.130390127499899,-2458.0921223958335,10000,0.9085,70
n0heI,-0.13916392941157021,-20.91931829849879,-2505.2884114583335,-1,0.6874250000000001,80
ilT64,-0.21408050078709925,-3.050073027610779,-2417.4235026041665,50,0.33055833333333334,80
oNOoG,-0.17393733943409392,-0.9215934077898661,-2439.5188802083335,100,0.40077500000000005,80
bhXfo,-0.14779058282640245,-1.119266668955485,-2440.0419921875,200,0.4698333333333334,80
fJVLs,-0.13002460604667668,-1.3393362164497375,-2440.0771484375,300,0.5183916666666667,80
Di0e3,-0.11899516415278118,-1.4376400709152222,-2449.689453125,400,0.5506333333333333,80
J5W12,-0.10946462066756356,-1.6572447816530864,-2445.5182291666665,500,0.5765333333333333,80
mt5sO,-0.0997470475917392,-1.7218994696935017,-2458.7223307291665,600,0.6036583333333335,80
o041f,-0.0894236184003618,-1.7851660052935283,-2470.3616536458335,700,0.6315166666666666,80
lOcSc,-0.08349407124731277,-2.075877090295156,-2478.517578125,800,0.6515916666666667,80
j5PS9,-0.07592823146290248,-2.2508303920427957,-2480.6949869791665,900,0.6717750000000001,80
RQ2y4,-0.07116650103145174,-2.2751811941464744,-2484.6201171875,1000,0.6841333333333335,80
PgWuK,-0.056752521769205755,-3.1165390014648438,-2493.013671875,1500,0.7328749999999999,80
bLtCU,-0.049671629103554604,-3.6878284414609275,-2531.3688151041665,2000,0.7691166666666667,80
Ji5ix,-0.04280967454804315,-4.228772898515065,-2531.7633463541665,2500,0.7923083333333333,80
bO7DZ,-0.0371152871682909,-4.78208331267039,-2520.8102213541665,3000,0.8100083333333332,80
mH9zG,-0.03771998025576274,-5.457063734531403,-2541.4176432291665,3500,0.8245416666666667,80
OdtEc,-0.041896664201948396,-6.860473354657491,-2542.6494140625,4000,0.8362333333333333,80
KfhMa,-0.0368762741639879,-6.587476174036662,-2547.3955078125,4500,0.8443,80
wURqw,-0.04104955764346652,-7.703077872594197,-2553.7294921875,5000,0.8531666666666667,80
N4H9a,-0.03948922129101225,-7.867509643236796,-2556.0914713541665,5500,0.8595583333333333,80
vFixD,-0.03691547058953179,-7.719631989796956,-2570.5283203125,6000,0.8674583333333333,80
LXNne,-0.03393234683884514,-8.087803502877554,-2554.763671875,6500,0.8748833333333333,80
LllzZ,-0.03669698195669387,-8.430308600266775,-2578.6266276041665,7000,0.88105,80
X5Uge,-0.04219278427547877,-9.671780983606974,-2579.4332682291665,7500,0.88745,80
TWyuZ,-0.05290734795782301,-11.685915609200796,-2570.1627604166665,8000,0.8908666666666667,80
MhNUP,-0.07553543013572699,-15.188237249851227,-2575.859375,8500,0.8939,80
ftcrC,-0.04131013934771221,-10.609588086605072,-2561.4462890625,9000,0.8981,80
FSl0Y,-0.04209598502265081,-10.879562060038248,-2567.4557291666665,9500,0.9021333333333335,80
FVpn1,-0.04289206212255689,-11.20774640639623,-2572.3782552083335,10000,0.9067666666666665,80
gUBqf,-0.12735404228316413,-13.421973089377085,-2598.4606119791665,-1,0.7038416666666666,90
n4Ocl,-0.2363118012046814,-4.693654656410217,-2506.0950520833335,50,0.33747499999999997,90
u0tFM,-0.18621001050207353,-0.9878744085629781,-2533.3359375,100,0.40854166666666664,90
aIjlB,-0.15885005780220035,-1.1256877779960632,-2529.6676432291665,200,0.47822499999999996,90
KF8y9,-0.14139206186082628,-1.2775279680887859,-2528.9951171875,300,0.524675,90
OsEVQ,-0.12796253127098087,-1.4172735810279846,-2522.9306640625,400,0.5584833333333334,90
XDHZp,-0.12046261753082277,-1.6746289730072021,-2529.5804036458335,500,0.5834000000000001,90
VJnkJ,-0.11317133375909594,-1.8240955869356792,-2552.1634114583335,600,0.6084833333333335,90
coEtE,-0.10313603435622322,-1.9173034230868022,-2562.8020833333335,700,0.6352083333333335,90
RY1Ye,-0.09739409818013511,-2.0696215629577637,-2581.1988932291665,800,0.6556833333333333,90
D4vac,-0.08757475201606753,-2.1882259249687195,-2567.0524088541665,900,0.6749916666666667,90
S7PQv,-0.08533022850990295,-2.2964558005332947,-2583.4147135416665,1000,0.6864,90
irndF,-0.07251624756389191,-3.0222735603650412,-2604.5572916666665,1500,0.7333333333333334,90
IW43Q,-0.05929632296350268,-3.5477062265078225,-2604.884765625,2000,0.7713666666666666,90
FD5GK,-0.054106798307630766,-4.133457978566487,-2622.1188151041665,2500,0.79645,90
ZrQUg,-0.0518441086578369,-4.6325907707214355,-2639.1822916666665,3000,0.8135499999999999,90
oKjl4,-0.04844194515122308,-5.180911203225453,-2636.49609375,3500,0.8280666666666666,90
TY6Pp,-0.04557956642044916,-5.6796955068906145,-2636.0514322916665,4000,0.8413333333333335,90
ry1s6,-0.04667162646187675,-6.245319088300069,-2639.3248697916665,4500,0.8475000000000001,90
K7Ork,-0.04767641197734409,-6.812482853730519,-2648.494140625,5000,0.8561,90
jFyFl,-0.04874770297792225,-7.319427053133647,-2650.33984375,5500,0.8613666666666666,90
agxH3,-0.04873959885491267,-7.694463570912679,-2654.7102864583335,6000,0.8679916666666667,90
CK5OV,-0.04989169027116563,-8.101404587427774,-2664.9619140625,6500,0.8741916666666668,90
XdZ98,-0.05175607772403295,-8.747690757115683,-2667.7532552083335,7000,0.8802500000000001,90
yt7Sb,-0.05203462983873156,-9.276446978251139,-2661.4013671875,7500,0.8856499999999999,90
nROFL,-0.0569029970349206,-10.135386963685354,-2675.2789713541665,8000,0.8915500000000001,90
xtvJ0,-0.05815903184996713,-10.66355703274409,-2668.236328125,8500,0.8940749999999998,90
JrWcf,-0.08288126583629184,-14.446323176225027,-2675.9986979166665,9000,0.8973333333333332,90
TpVAL,-0.0818972937319014,-14.555879612763723,-2673.724609375,9500,0.9003333333333332,90
aHSmV,-0.07751532400661044,-14.190654893716177,-2673.5325520833335,10000,0.9047999999999998,90
tI2Vc,-0.15989090178383722,-21.575774133205414,-2690.8359375,-1,0.7168583333333333,100
y0cAd,-0.2501139772362179,-9.743526438872019,-2589.455078125,50,0.3401666666666667,100
tR4I1,-0.20030610697004533,-1.0620628197987874,-2628.8004557291665,100,0.411375,100
taBvQ,-0.17398391614702013,-1.2536553541819255,-2628.53515625,200,0.48105000000000003,100
Oetlb,-0.15684054465187922,-1.4789995749791462,-2625.2669270833335,300,0.5269333333333334,100
W1dur,-0.14573750009218853,-1.6306896805763245,-2637.716796875,400,0.5610916666666668,100
kji9L,-0.13517458580758837,-1.6878816882769268,-2635.59375,500,0.5873916666666666,100
q5Xnk,-0.1268019118817647,-1.9690948724746704,-2642.548828125,600,0.6123666666666668,100
Wr5kM,-0.11806001396814984,-2.1077204942703247,-2655.6813151041665,700,0.6374000000000001,100
IsZ6l,-0.10902463020854525,-2.1995535095532737,-2650.3938802083335,800,0.6572749999999999,100
A8s3Y,-0.10538329080687629,-2.6409191886583963,-2671.3190104166665,900,0.6783,100
pyiIC,-0.10357611191219752,-3.0396246115366616,-2680.0960286458335,1000,0.6903833333333332,100
iRlzq,-0.08474955345365738,-3.1057345469792685,-2689.5823567708335,1500,0.7373999999999999,100
OCmTp,-0.07544683469878304,-3.7296554843584695,-2708.3541666666665,2000,0.7726333333333334,100
xsTOu,-0.07293016513400609,-4.902901967366536,-2722.3089192708335,2500,0.7997166666666665,100
vaT4g,-0.07820492147657608,-6.463105042775472,-2737.0237630208335,3000,0.8145333333333333,100
M7Xxg,-0.07177095558378432,-6.625133236249288,-2733.9772135416665,3500,0.829875,100
Zf3Pk,-0.07615847100045943,-7.833189229170482,-2751.4202473958335,4000,0.8424333333333333,100
WmWR5,-0.08252136383162606,-9.620783905188242,-2742.6875,4500,0.8510666666666666,100
pNJ0e,-0.0708374342113071,-8.051857670148214,-2760.4189453125,5000,0.8582666666666666,100
CYaJW,-0.061162629813088315,-7.419748445351918,-2744.0419921875,5500,0.8656333333333333,100
vozPs,-0.06481498450597127,-8.280596613883972,-2753.4462890625,6000,0.8724333333333333,100
w4hnE,-0.06372656435012819,-8.335208773612976,-2762.1520182291665,6500,0.8780666666666668,100
UKMCe,-0.06442210726420088,-8.740002155303955,-2766.302734375,7000,0.8834249999999999,100
dFdyV,-0.0672249283218384,-9.487329244613647,-2760.73046875,7500,0.8861916666666665,100
gCI8F,-0.07046442930963305,-10.051383833090464,-2779.3987630208335,8000,0.8927499999999999,100
HVvf2,-0.07113470348358157,-10.64655613899231,-2769.9567057291665,8500,0.8972749999999999,100
qPGf6,-0.07117654711087547,-10.673135936260223,-2782.0452473958335,9000,0.9006750000000001,100
gojtY,-0.0728335079966651,-11.183734039465586,-2777.0530598958335,9500,0.9030333333333332,100
ZU4al,-0.07446974766413372,-11.482580542564392,-2785.4990234375,10000,0.9057249999999999,100
Txt2M,-0.2090506156253815,-27.527445157368977,-3186.9889322916665,-1,0.7556333333333334,150
nGQ4T,-0.30098859244240656,-7.783870796362559,-2941.6575520833335,50,0.34957499999999997,150
SOehU,-0.24378145303302345,-1.7787179549535115,-2975.4339192708335,100,0.4201916666666667,150
vOkaG,-0.21907345403353373,-2.16551810503006,-2956.7880859375,200,0.4884083333333334,150
u6jYs,-0.199969301592509,-2.1623952388763428,-2971.6647135416665,300,0.5361166666666667,150
sGNF7,-0.18847344978226557,-2.3925174673398337,-2955.0065104166665,400,0.5686916666666666,150
ujsM5,-0.18429701955265465,-3.3500529328982034,-2959.9495442708335,500,0.5950916666666667,150
qijuN,-0.17147738512674968,-2.983607769012451,-2977.6572265625,600,0.6210333333333333,150
vWEdu,-0.16174451779365542,-3.0381776690483093,-2986.251953125,700,0.6462749999999999,150
KJXKG,-0.15262778472264604,-2.8326677083969116,-2985.6168619791665,800,0.6656416666666668,150
c0vLp,-0.14745514274067348,-3.334271411101023,-2992.921875,900,0.6869333333333335,150
Ipo8w,-0.14478720945040385,-3.7525814175605774,-2994.4781901041665,1000,0.7005749999999998,150
RKNiB,-0.13136514660199483,-4.422771990299225,-3015.2770182291665,1500,0.7452999999999999,150
VXV57,-0.12025196383052404,-4.674794574578603,-3046.8046875,2000,0.7772833333333332,150
YctJw,-0.11575317746904161,-5.469476620356242,-3050.998046875,2500,0.801775,150
Jkp4G,-0.11496935998598735,-6.315403997898102,-3077.1741536458335,3000,0.8178333333333333,150
AY0mV,-0.11557358219570585,-7.161537329355876,-3066.0377604166665,3500,0.8304250000000001,150
rJl3j,-0.12148371180110508,-8.705556770165762,-3078.0149739583335,4000,0.8413833333333333,150
PJFdN,-0.12244176880306666,-9.483265320460001,-3102.9010416666665,4500,0.8519499999999999,150
ikgZx,-0.14842013620906405,-19.337194959322613,-3113.8958333333335,5000,0.8624416666666668,150
JTbto,-0.11028248686684505,-8.770873030026754,-3111.8577473958335,5500,0.8704749999999999,150
yv7k0,-0.10635447637028166,-8.445171455542246,-3131.6494140625,6000,0.8748666666666667,150
IOs3G,-0.10823588028377958,-9.116382042566935,-3117.6666666666665,6500,0.8813499999999999,150
cTGXw,-0.10790827639791702,-9.307241459687551,-3125.0670572916665,7000,0.88535,150
z1hUv,-0.11040431678560043,-9.945647517840067,-3121.9632161458335,7500,0.8897499999999999,150
vH8qJ,-0.11098584455172222,-10.244876682758331,-3124.384765625,8000,0.8932833333333333,150
dJTYN,-0.11290872257868449,-10.783308386802673,-3131.423828125,8500,0.8974500000000001,150
sUgf9,-0.11323995050748188,-11.134492576122284,-3147.0768229166665,9000,0.9024749999999999,150
IkJfC,-0.11634952157656349,-11.786928236484528,-3152.1995442708335,9500,0.9055749999999999,150
ixXGj,-0.116852368282742,-12.068355242411295,-3145.0908203125,10000,0.9090083333333334,150
K1XyD,-0.2114575935734643,-24.238247215747833,-3664.6126302083335,-1,0.7843750000000002,200
wmiaa,-0.27957155714246956,-3.341233571370443,-3429.1119791666665,50,0.35675833333333334,200
iCnZz,-0.2399193921195136,-1.7404088179270427,-3459.7945963541665,100,0.4292083333333334,200
BuQeZ,-0.21358720883051552,-1.9750813245773315,-3490.8509114583335,200,0.49895000000000006,200
bsuLj,-0.19773329498608913,-2.4189942479133606,-3490.0716145833335,300,0.5459833333333334,200
DNp4i,-0.18657514796786842,-2.6537721951802573,-3486.2493489583335,400,0.5777916666666667,200
iqwp0,-0.1793069524976942,-3.1135428746541343,-3471.7669270833335,500,0.6036250000000001,200
E0khh,-0.17010080405553182,-3.308120608329773,-3494.2395833333335,600,0.6298833333333335,200
ND89b,-0.16942279551506045,-4.666419327259064,-3493.3948567708335,700,0.6542166666666666,200
rQdJF,-0.15643398479567636,-3.9130977193514505,-3522.2535807291665,800,0.6741333333333333,200
Yi6TP,-0.1482883043882582,-3.842245658238729,-3546.4583333333335,900,0.6933166666666666,200
rWdIp,-0.14415104238510132,-4.084656357765198,-3526.921875,1000,0.7077000000000001,200
etBXV,-0.14363281466801964,-6.653922200202942,-3564.1617838541665,1500,0.7518166666666666,200
YtmAI,-0.136039452990426,-7.332917948563893,-3581.6468098958335,2000,0.7821166666666666,200
D8JVg,-0.12821780290391713,-7.552170435587565,-3616.2708333333335,2500,0.8053249999999998,200
JSYVu,-0.12750702364073863,-8.369553546110788,-3620.3460286458335,3000,0.8207249999999999,200
wdlkI,-0.13163882537735835,-9.86032380660375,-3640.1396484375,3500,0.8352416666666665,200
KSmMH,-0.1311377598508199,-10.407163977622986,-3649.5520833333335,4000,0.8456083333333333,200
q7zop,-0.13216709926287332,-11.133564889431,-3682.3369140625,4500,0.8551416666666666,200
p3lWn,-0.12680745086775888,-10.947617630163828,-3679.5791015625,5000,0.8654416666666668,200
Xx5rl,-0.12599302115334404,-11.184953173001608,-3683.8167317708335,5500,0.8714333333333332,200
Ylszf,-0.12798787375873993,-11.870181063810984,-3688.2913411458335,6000,0.8778666666666667,200
PM4vn,-0.1301632012155321,-12.546980182329813,-3691.0393880208335,6500,0.8837083333333333,200
ESjRc,-0.13245923878351848,-13.178885817527771,-3720.7294921875,7000,0.8885000000000002,200
YATkb,-0.13442281084166632,-13.847421626249949,-3715.607421875,7500,0.8947333333333333,200
HPjfy,-0.13292412396536935,-13.798618594805399,-3717.130859375,8000,0.8976666666666665,200
syx1I,-0.11628122717009652,-11.562184075514475,-3716.6780598958335,8500,0.902,200
UKDZD,-0.11800822643703886,-12.011233965555826,-3723.7073567708335,9000,0.9051666666666666,200
ohkrj,-0.11944708884980947,-12.413063327471415,-3741.5006510416665,9500,0.9082666666666669,200
lXHNB,-0.11960895525084603,-12.691343287626902,-3750.9622395833335,10000,0.9125,200
fpCb3,-0.22619930500454377,-39.529823084672294,-4170.883463541667,-1,0.8039583333333334,250
Wm80c,-0.29791168678071767,-14.228164593378702,-3737.51953125,50,0.366625,250
I7ruj,-0.2420850721073151,-2.6147608160972595,-3789.5826822916665,100,0.4383666666666666,250
srL8m,-0.21295833410474993,-2.468250115712484,-3795.6614583333335,200,0.5087416666666665,250
Xu0be,-0.1954549356534746,-2.6312403480211892,-3791.2604166666665,300,0.5552166666666668,250
OzQKc,-0.18377932035658098,-2.769398053487142,-3813.1236979166665,400,0.5867083333333334,250
qsMNw,-0.17580048172844778,-3.0765722592671714,-3792.8499348958335,500,0.611775,250
l3SHB,-0.1701338522423638,-3.6410778363545737,-3800.79296875,600,0.6353500000000001,250
TOVtu,-0.16468227101114066,-4.155340651671092,-3822.9951171875,700,0.65755,250
BKYZZ,-0.16103994096332128,-4.818991144498189,-3858.3089192708335,800,0.6777166666666666,250
ZrNgK,-0.148922057440016,-4.1513086160024,-3850.5309244791665,900,0.6968833333333332,250
BfjnG,-0.14148896830134924,-3.8178452452023826,-3875.3697916666665,1000,0.7099083333333333,250
gIZMu,-0.1313152889294095,-4.915793339411418,-3902.6318359375,1500,0.7536416666666667,250
dGWux,-0.12230286935700314,-5.335430403550466,-3914.2698567708335,2000,0.7831666666666667,250
Dkr7x,-0.11739765097194248,-5.915647645791371,-3952.4576822916665,2500,0.8050999999999999,250
BuVC4,-0.1151327526855469,-6.477912902832031,-3989.2184244791665,3000,0.8201333333333333,250
LB5P6,-0.11408401092423333,-7.132601638634999,-3998.8134765625,3500,0.8336666666666664,250
maggi,-0.1144399710888333,-7.913995663324992,-4004.8375651041665,4000,0.8458,250
yzJzq,-0.11048191322114731,-8.018286983172098,-4014.3151041666665,4500,0.8574333333333334,250
iwSah,-0.11118629793379038,-8.579944690068563,-4034.7171223958335,5000,0.8650333333333333,250
f7BgB,-0.11176055026690167,-9.038082540035248,-4073.9401041666665,5500,0.8712333333333334,250
VHZ8X,-0.1127000560951233,-9.527008414268494,-4057.7708333333335,6000,0.8770333333333332,250
Ec5WW,-0.11381504929012726,-10.020257393519083,-4076.4059244791665,6500,0.8824666666666666,250
E8peY,-0.11712684558762443,-10.829026838143667,-4106.199869791667,7000,0.8876666666666666,250
kQSu1,-0.14071444228172306,-17.082007606824238,-4084.4069010416665,7500,0.8922166666666667,250
BTTzZ,-0.12316569507598879,-12.217854261398315,-4108.523763020833,8000,0.8957166666666665,250
bxDII,-0.12442238633155826,-12.600357949733734,-4130.140299479167,8500,0.8989500000000001,250
ufs13,-0.12280689067416722,-12.600033601125082,-4129.675455729167,9000,0.9029833333333332,250
RVoIm,-0.12618822913805647,-13.282234370708466,-4119.7255859375,9500,0.9058999999999999,250
K2uXE,-0.1295143305630154,-13.99114958445231,-4136.567057291667,10000,0.9094000000000001,250
dsk3p,-0.21899178412543405,-29.203487277030945,-4650.278971354167,-1,0.8193666666666667,300
LZi7A,-0.2864393562274509,-7.314237137635549,-4043.5908203125,50,0.3749833333333334,300
Qycgj,-0.25207839759296846,-5.250634650389354,-4112.609375,100,0.44589999999999996,300
t6R3S,-0.21332238093270198,-2.970357139905294,-4154.618489583333,200,0.5162,300
kvyIg,-0.1954743630260892,-2.9601544539133706,-4148.090494791667,300,0.56065,300
fV2tW,-0.18376441267119512,-3.1016619006792703,-4140.5302734375,400,0.5922833333333335,300
uXIPS,-0.17574565808296203,-3.4613487124443054,-4151.933919270833,500,0.6183250000000001,300
sdc1J,-0.16862314486821495,-3.9804717302322388,-4167.062174479167,600,0.6447833333333333,300
EIvyw,-0.16119025064044532,-4.0860375960667925,-4189.947916666667,700,0.665125,300
XIRRB,-0.15568297469880849,-4.449946204821269,-4200.579752604167,800,0.6849583333333333,300
rtpoF,-0.14965435808817548,-4.632653713226318,-4209.265950520833,900,0.7030750000000001,300
cgnRk,-0.1441364866850111,-4.554473002751668,-4229.4951171875,1000,0.7155666666666667,300
aQlEH,-0.14296595565478007,-6.8948933482170105,-4251.5673828125,1500,0.7575000000000002,300
MWO3J,-0.13275578394889834,-7.126867592334747,-4291.015625,2000,0.7868916666666665,300
u2Thz,-0.12704440707736542,-7.598161061604817,-4325.880533854167,2500,0.8090250000000001,300
CJOTJ,-0.12216353489028087,-7.752030233542125,-4354.152669270833,3000,0.8237916666666666,300
tYL2U,-0.1533104311413235,-15.213266909122467,-4392.495442708333,3500,0.8374166666666668,300
QQAFW,-0.15112008564949034,-15.065514961878458,-4421.130208333333,4000,0.8485083333333333,300
a7Bs7,-0.14266085257636177,-12.843127886454264,-4444.018229166667,4500,0.8573999999999998,300
toQkr,-0.14626702880011663,-15.249723672866821,-4446.994466145833,5000,0.8653,300
GJIge,-0.15326860453605654,-26.344993948936462,-4437.361653645833,5500,0.8728666666666668,300
QsP8P,-0.1633909915934669,-45.039777874946594,-4417.386067708333,6000,0.8782333333333332,300
EsO0P,-0.15275702069812352,-39.99522622426351,-4449.227864583333,6500,0.8833000000000002,300
E4uMR,-0.1385602048216926,-18.831679622332256,-4479.558919270833,7000,0.8890333333333333,300
ixRB0,-0.1265538799402449,-12.647081991036734,-4492.731770833333,7500,0.8944000000000001,300
wgDYr,-0.12395386365572614,-12.525079548358917,-4464.369140625,8000,0.8988666666666667,300
Vm8LW,-0.12349399614546037,-12.619599421819052,-4487.005859375,8500,0.9015916666666666,300
kcLnv,-0.1571892929501004,-24.154041131337483,-4495.277018229167,9000,0.9047499999999999,300
skEVL,-0.15666024079216848,-18.139138917128246,-4528.34765625,9500,0.9076833333333334,300
vqF4g,-0.13185043182479014,-14.446564773718515,-4507.849609375,10000,0.9111499999999998,300
